latitude,longitude,value
45.46,9.24,1.35
45.441533833495164,9.204075169417846,125.3889820414905
45.461532340087174,9.187298374635006,22.42382560800106
45.47047748355222,9.114445568127367,86.72349523607394
45.498958936524275,9.226400647388239,42.754686860123755
45.509869764123515,9.191049139442438,118.76979621587674
45.44940413140413,9.192255649588983,281.2642049119827
45.47834940126976,9.219127333582305,119.04112645420616
45.50519405336896,9.227296248893207,18.204611597425288
45.45222908936659,9.117296293637887,21.182018810290856
45.49936050552444,9.148083811428075,95.94916770490542
45.501396627620714,9.146311418002215,63.34843264508589
45.52861290292692,9.240204300975643,34.04091402681391
45.42411520584404,9.239135549753875,61.272240865151154
45.46052650887508,9.209908921522542,4.8381628384109
45.44954434745058,9.153116950798928,31.900223221442136
45.45698941527078,9.172028225944576,158.91496734376955
45.47817966791586,9.221147127247676,55.790113243391474
45.440485188382596,9.186248202504206,70.47269917387665
45.49731267482899,9.152198457064078,67.84292295932298
45.494309252555766,9.170994929193778,64.25675996456634
45.49197194481945,9.178591179336797,63.411884203091674
45.50177411408873,9.21125078593513,66.33923163163115
45.473503065405474,9.212962069631619,61.22799232038885
45.4583446620273,9.217196229163294,70.04056077035156
45.54276926139503,9.229479916189833,28.508761129876483
45.431103749266505,9.195792501466984,48.16493493493491
45.44335006301638,9.14738949726929,192.26397843439517
45.45865668529221,9.174875483693668,31.857386126169693
45.54256399923529,9.233445625141497,14.359497415630935
45.43655471309892,9.122100169897736,18.06825770244066
45.42900355725654,9.172209980863919,25.34284477795216
45.45173425001509,9.135064528081378,21.43300349655408
45.53434776381545,9.226149170934157,22.046898695197704
45.52805734009621,9.23429304030253,36.609452439747656
45.45828881808788,9.209770606831349,24.656474166317622
45.473099266242144,9.158256250674121,281.27275314565236
45.44225445292621,9.21172010178117,75.62330788804073
45.471587941787945,9.229699607299608,30.279375837375845
45.453957212273004,9.221267358046306,25.277225322488498
45.44411522402802,9.20635940259196,73.39703869982955
45.53750741457689,9.238492585423103,48.14633784718934
45.49953925674274,9.144407754362952,90.09165413702407
45.47490327258449,9.215700390820167,52.942921835743235
45.4434297824417,9.212217408622545,286.10518164998
45.471895895458495,9.216112654931532,14.769500853267536
45.478,9.160139365722058,3.4895600977144623
45.43892171895956,9.110846938121293,38.39306856497803
45.47298943460921,9.197506020643518,6.645017252299448
45.449255601460635,9.213751867153546,17.151120292127136
45.45636152474543,9.214873917489903,242.62336129232818
45.44214362698904,9.212021839508541,6.252216205972873
45.44499906370248,9.168457073042626,171.65364619372517
45.487262141450216,9.216315842500734,67.17472672672653
45.437074833347275,9.15289800016735,167.5240659777429
45.44655279615899,9.116,65.48850882962796
45.44421606331376,9.208634004546587,63.437772434037925
45.440247101873965,9.182200731857392,28.442891979603136
45.45902836593673,9.201034337712889,58.635594510939285
45.47734143317207,9.217414331720692,89.84586214196091
45.47129062571047,9.156906257104692,96.42308985271993
45.44703037719354,9.119065971104364,66.12789163145504
45.46476571374515,9.16961550552538,84.65945338813515
45.476911546102556,9.120409607350838,270.9642196694323
45.5043291900787,9.151491173055092,30.242047246614568
45.521658558282425,9.192345957991888,66.26728209707912
45.50837916327691,9.225204870329712,63.092800097394466
45.457197997764766,9.268890850949974,21.360017378672048
45.39326510899919,9.279263803668494,26.810325033448894
45.4064762014841,9.249696120487974,51.9208372494151
45.41968729396901,9.220128437307455,77.03134946538131
45.513859774252154,9.22758523620986,78.71350798737518
45.48780258394975,9.161617157655275,97.35366751081361
45.46278844615205,9.141639105331553,59.85200444378768
45.43902969568597,9.210886135882237,64.39713983968475
45.500606801706795,9.147842347071544,196.21949261567363
45.46136696931207,9.199732584558049,61.57512114507304
45.46571115244099,9.198789695744118,42.147385289722855
45.48016683318105,9.185589514343489,49.44992478396991
45.49462251392112,9.172389332942862,56.75246427821697
45.45637982280101,9.21812774142181,46.97539210093858
45.43952883944362,9.277355430426738,125.72615499497037
45.520076736196884,9.24450813035195,272.8073312908498
45.46,9.24,26.403919397893166
45.46,9.24,79.557683788253
45.453691516924025,9.23018680410404,34.27183414528493
45.48972466114481,9.221550290849681,9.70656927486795
45.45692358104943,9.224421691193376,29.626450396077185
45.50768049054927,9.241288661906738,32.83813480061621
45.46962794030805,9.231441830837287,31.985781881363714
45.44958590764837,9.163207894142257,30.31869759824145
45.465828084604595,9.11003347419454,18.518153014579113
45.43229733269424,9.131202905829111,3.120518592077685
45.527529595711414,9.203052016704909,6.061101048456372
45.48635462735463,9.130683890502072,14.963628297719161
45.509439572990026,9.175727038899197,54.53299056920363
45.434,9.116,61.4720137034167
45.532042878061525,9.21866745929498,90.09486059812068
45.44024146096394,9.116,76.56237065847866
45.45467038939766,9.21603148753562,63.73759193453424
45.43528805577531,9.1221430352361,70.3939133824315
45.45844546451778,9.232586061546346,39.541119580924
45.43943150184243,9.101189629695462,38.330359200060364
45.457838391241296,9.224060589918258,53.57914777587071
45.51838429845157,9.229486195897572,73.80302858049934
45.46,9.24,57.07005482402629
45.46856070861942,9.15335123717804,273.0397880814947
45.44535611920005,9.170159953107948,78.90925942176824
45.515150977580234,9.230616720159478,50.97667739406981
45.44401737120733,9.212403700755953,268.83258873789504
45.51096467578499,9.22580067864918,72.79268314543785
45.470457090576396,9.239004086611772,117.01609515096004
45.426142210662036,9.204400130052115,122.47282497000609
45.50747767672571,9.231450252797906,93.30611346085378
45.475972060250484,9.22580261311068,86.58934172966002
45.458383966370256,9.231816761198465,45.81196107499927
45.44686525813421,9.141394919940232,100.91789533187487
45.48397307979915,9.20083217604956,87.30765302852296
45.494064751639065,9.233865643074772,27.04133259816987
45.46356415525379,9.188319748820085,49.96003139748953
45.491658043767,9.139308145966881,111.05664227157574
45.462981496688826,9.185435917901357,87.643323341083
45.53684331081674,9.2357452789799,75.26007386939386
45.43763577746086,9.120581079600688,75.83484257344794
45.454566503670804,9.1999341343248,7.029970212106068
45.46453018926582,9.13276210094931,18.0129985455242
45.44144710920628,9.20536531047535,21.0573758048526
45.49946302536953,9.20789975154862,56.84361183486003
45.43600143811544,9.136681527192934,69.41149864479823
45.53277918965692,9.227105514403794,273.37762294404496
45.52818086005831,9.22822988700756,276.6659797094973
45.45168891601392,9.213938871093715,63.239596733859116
45.434,9.116,236.8474345899491
45.434,9.116,112.99003128385885
45.49069345785184,9.177271046667057,73.83521101522464
45.51589921979307,9.2267881415113,1321.4283850785985
45.486,9.19,35.70067662383157
45.532216397462996,9.223514118687158,59.972364803828384
45.486,9.19,31.515234888566642
45.44681261324492,9.127025988870887,66.07135298601519
45.522116040857185,9.215693079570508,108.82785685703932
45.46765256587928,9.215177684007298,120.97265715013803
45.462724309743926,9.20884110440972,77.80343155481486
45.46180277361475,9.150123784762158,128.3618601388326
45.45024378790193,9.224823670069675,154.9689395096724
45.4641,9.1906,141.78365904372794
45.43697070196228,9.143073565136582,91.57035992416732
45.4632009463104,9.203229620813426,70.93878603905638
45.46241205994186,9.212565108651102,79.16540656272838
45.449015046511455,9.182369377579015,119.74956611140585
45.487703600410185,9.157286631255122,189.88396605743483
45.45626067923062,9.22216631633063,94.77438287127615
45.44252418036283,9.185738069285708,125.02852282042082
45.45302050651301,9.195078325451433,195.9337150644605
45.44420033429408,9.212334576530012,96.49262418425283
45.464163883073546,9.189961169264503,52.51376596597147
45.52414313365027,9.232767843910821,38.14167451941916
45.47778732459468,9.238305969086221,84.19647032317788
45.4641531473974,9.190068526026026,41.110797797797865
45.46019630275192,9.240063348696834,78.33255205511693
45.46231689803393,9.21278991843874,128.07066235860978
45.44197753510355,9.210018139404774,99.40003359560299
45.44659036941752,9.175511090156396,51.31015179137063
45.46007364095026,9.240023764609447,105.26198391863767
45.48450315120095,9.138280802000418,121.59150097865063
45.44411038270202,9.130387852306722,62.152623964305455
45.47313980685293,9.21501267361833,14.417205841241708
45.4604568570629,9.237449480528692,37.89767378583619
45.46242980001398,9.21222888465293,88.50305692002965
45.48043074593785,9.189871676173683,320.3182823271227
45.442361800616304,9.155523849844643,217.1283272016147
45.44560338634358,9.112674699974447,101.22549627745431
45.432427853493586,9.129652634151602,130.02181843284757
45.46482347011985,9.178836936878275,22.280995343847025
45.47817608137385,9.130584523241904,125.91591215169822
45.48577891455702,9.226500365393328,98.47425556729803
45.460395307436244,9.234239997558797,40.08854548528872
45.46113733375204,9.204205665061865,100.29368179544166
45.48907922278206,9.234841644260003,59.491164110266354
45.456611966467385,9.197850855999906,73.2505681308988
45.44444405077682,9.12495394664654,79.15715725491374
45.49466289366289,9.166177042427043,74.50758984946471
45.463321501204156,9.200608027777935,15.576750318417893
45.46066853352567,9.234713378180405,7.00228378112883
45.45166954450785,9.20263673065756,52.04169542256102
45.46091321090101,9.231808515538656,17.851437424879148
45.46288065535615,9.207230765974433,9.833943349837456
45.49826114113689,9.241070050168025,13.823579417931416
45.500324146779576,9.241089841804854,21.810984984984945
45.46313409253803,9.240084705203731,26.16322646784718
45.459617214230846,9.228573417723807,51.60248927442028
45.447047256513414,9.15547775039467,59.29247675883701
45.43830222414672,9.12666265519419,270.98010338096293
45.4619582332195,9.218257034400226,23.076629900998185
45.46416142211656,9.18998577883439,54.41593671449189
45.44717563217973,9.148654556830829,85.53185771073974
45.43812736866303,9.16552842395637,185.070719903645
45.460611299991804,9.235580053127812,56.03316923254491
45.448989825119234,9.191677265500795,3468.5198887121096
45.525633196136695,9.233794575713192,40.444214331568716
45.46013852028044,9.240044701763807,106.6072225052384
45.49567394378765,9.16025571138265,160.99711180815814
45.46003797743743,9.24001225566706,170.13869778801111
45.53503943297611,9.23408731224691,292.3259112862868
45.51891277569309,9.228959124326435,134.69509998574978
45.438088525078555,9.158393309887273,123.55389037445934
45.47912866712867,9.21459549605891,138.74306999307
45.47598866273365,9.175753096967114,105.77001246867913
45.43522590110406,9.10568489329544,126.21346637402846
45.43401511550777,9.115595215654546,161.02544178698363
45.49596345501815,9.142518624787138,213.3921883319445
45.43505339275717,9.118610734208795,293.1764473965133
45.43673681408845,9.103487848045715,97.32687417133536
45.47376567919883,9.195608249297013,81.27394632192446
45.524115637154495,9.228473987115862,78.22398261042788
45.53353807145357,9.241246958601412,91.93135359599796
45.52129806298596,9.229579531431037,70.67455814694488
45.45307596966795,9.19877974142188,119.11246817154326
45.538595348739726,9.236407778607616,4.50201246808993
45.46451939139139,9.1906,32.331126976977
45.462931728240044,9.206592752257416,22.442520668507512
45.482624586034476,9.204221798600456,567.8473653885494
45.46418386960618,9.190096782362886,16.92295172517638
45.46416227238868,9.19022636566793,12.575431840900407
45.46414067517117,9.190355948972977,8.227911956624308
45.46411907795366,9.190485532278021,3.880392072348336
45.46383448614773,9.194013325779212,0.37387556377970205
45.46155828136238,9.22327518314062,3.236133594725291
45.48338680010556,9.240683009524233,3.89808764416566
45.531586901858596,9.240001316084589,11.188287773387378
45.49649702303776,9.210937609478705,148.43441488359954
45.46170294455014,9.182160925227416,282.4042474662162
45.464184442282566,9.189553651400374,3.508533018021865
45.460536330619,9.236433551284417,11.417836985614157
45.46268678317503,9.208767675166671,22.314350297654748
45.46429368721172,9.189506312788279,29.920639336885962
45.46424212879546,9.189557871204538,51.48752485819127
45.4642,9.1896,65.87587580705699
45.46429527053599,9.18950472946401,13.808239140828647
45.464253644501646,9.189546355498356,25.639942342342415
45.46420517483843,9.189594825161567,40.602527375762726
45.524515813920466,9.23890733062624,17.33985434211589
45.50418820573977,9.232278762741231,13.82450384043225
45.48386059755907,9.22565019485622,10.309153338748505
45.46353298937838,9.219021626971209,6.793802837064865
45.44320538119768,9.2123930590862,3.27845233538112
45.47587112334435,9.201152681269,593.8085741471336
45.493288400222454,9.213391848804967,417.61634272265246
45.51070567710055,9.225631016340932,241.42411129817663
45.52812295397866,9.237870183876899,65.23187987369545
45.45419078980365,9.20043270302273,236.60320011477876
45.438,9.192,278.315379743694
45.44299452351538,9.19173209452408,49.89413647210077
45.438,9.192,77.38606338693427
45.46277860545724,9.202807168633136,18.17395430196759
45.438,9.192,21.559040232835
45.469056256966546,9.193431756642603,45.3878066916384
45.46219971604855,9.213812904183923,12.118193711267
45.46313782684192,9.19009337786005,7.129218059987711
45.46027219544271,9.19034530149954,4.5910873921196504
45.45740656404351,9.190597225139031,2.0529567242515165
45.46228193693693,9.19016862092862,20.561388773387513
45.43863097945227,9.191942200355518,99.25658701463045
45.438,9.192,67.9641264630213
45.46704400091531,9.202159800363612,124.80855856414044
45.50538394011872,9.215571386783665,219.21763103528443
45.530161883926475,9.227375118206401,277.25204013333274
45.500637534822935,9.232740990709702,189.6421271821576
45.471113185719396,9.238106863213003,102.03221423098242
45.5354505902305,9.224861309530123,54.6167867272319
45.49284772442371,9.204862720992764,139.6403095109419
45.524502309024086,9.22037445757476,255.94457743652038
45.46428699279815,9.189539021605544,154.68179890836169
45.46181937120793,9.220032140301974,53.38766330989952
45.464201076070324,9.18959892392967,76.03663666199505
45.4642244490459,9.1895755509541,65.75486470826502
45.46424782202147,9.189552177978529,55.473092754535
45.464271194997046,9.189528805002958,45.191320800804384
45.464294567972615,9.189505432027387,34.90954884707437
45.5255895127758,9.220932024662329,258.98415706725405
45.49141612830377,9.195867472329088,6.960601140811496
45.53378911498786,9.241771541236853,26.602246009998932
45.46411212712713,9.190533300800801,49.7428073073083
45.51004634067778,9.213395537763859,38.33642424956403
45.4746561207807,9.195837249503366,67.47007544693389
45.462540090515795,9.209395006956024,97.15790352030385
45.46031711719968,9.236179124472171,127.08129310969869
45.53455865678101,9.237747222985163,117.52704549884291
45.535822532503346,9.230396575000656,323.70854615081566
45.49411883860537,9.2222193801187,313.55247010742545
45.45241514470739,9.214042185236742,303.39639406403467
45.48590951314207,9.205897686083734,32.29090149183186
45.532814100466425,9.241109725851587,58.06826495547403
45.52831859349172,9.222331620261691,269.222233980324
45.495559905840366,9.202234097713381,186.7320609937755
45.462501298779216,9.184978609790642,91.08506725813945
45.53606202812,9.22630280256,55.87330752433715
45.45533163986562,9.14724524114748,201.18612649732088
45.47782652108417,9.223570073991192,416.79748727109904
45.468318643876415,9.200007073954604,190.8544980313712
45.505278642229214,9.210666173777087,64.17545835147365
45.44400498273435,9.209977035357722,22.27256784525743
45.5138944101187,9.222932058064744,21.646001045376888
45.53080836204456,9.223696280655215,32.36835727250975
45.46514215137286,9.191117046637993,4.974748505988906
45.46421886682238,9.189946232476922,36.73623539317124
45.463946271104895,9.190196461650352,30.289433667122267
45.46363345703489,9.189375324716574,35.90444622381028
45.463320642964874,9.188554187782797,41.5194587804983
45.46300782889487,9.187733050849019,47.13447133718631
45.46269501482485,9.186911913915242,52.74948389387433
45.46330106630226,9.187779614187221,38.44407624815747
45.46422197559798,9.189929134211134,21.81094230454233
45.46210910464519,9.19030864946027,16.75854284013836
45.46217631458827,9.198507411572336,3.5738305703981057
45.46483347254623,9.208894483589809,5.275619462563075
45.46749063050419,9.219281555607282,6.977408354727942
45.47014778846215,9.229668627624754,8.67919724689281
45.472804946420105,9.240055699642225,10.380986139057677
45.47546210437806,9.250442771659698,12.082775031222647
45.47811926233602,9.26082984367717,13.784563923387514
45.48077642029398,9.271216915694641,15.486352815552383
45.482,9.276,11.962764910692076
45.46692461648711,9.206730545499772,217.92483650879265
45.46860050456846,9.211110308640496,18.53758397083845
45.466366395399355,9.201412858497457,6.263166863109793
45.53519235791604,9.227102257803118,301.75348337714865
45.505581877784486,9.254322063063189,140.48484301867845
45.47962764894205,9.264406306976689,11.016619962893296
45.46797545332151,9.207461961147478,5.941002548520867
45.47780577318364,9.255989554742065,25.520989470326022
45.470645573243054,9.223827864747568,27.045067265072234
45.46762000931429,9.205724904276028,34.7635397910895
45.464006222222224,9.188839,14.192533333333333
45.47293771382197,9.232240673372374,10.485465653632213
45.47835983895623,9.236478251524762,12.280331441365686
45.5299561193117,9.234770031496673,12.056731698942038
45.524459413969915,9.220441467698045,431.2224718487331
45.465368076200114,9.195269763128653,33.93579095128716
45.49347475274153,9.265451689616507,41.615357550615215
45.46392410768712,9.192458574596227,268.92119887132895
45.478665293549916,9.260587973566045,71.69574520436458
45.48774181363658,9.270721765795992,51.11001754050281
45.46373356736447,9.19531069193,90.2715339489005
45.50565309530387,9.254256595465222,29.7977186709696
45.503518415433966,9.256218926710554,42.519948453983794
45.53606202812,9.22630280256,18.847552778395233
45.467456495847024,9.205406811302423,5.09651644894146
45.4642,9.189758915294606,3.6338299937868364
45.464252147461565,9.189643557615309,5.435776785760147
45.463046375269826,9.205160556304545,29.623763776373377
45.49493408446315,9.196478608967713,246.46527291319632
45.52832911340478,9.224720251540461,13.630822085970243
45.48305232858517,9.191795363335498,9.234726481262012
45.47087005679869,9.221607904694157,8.04988135011731
45.53606202812,9.22630280256,29.66861398466402
45.53606202812,9.22630280256,258.5048830964193
45.48771685379973,9.191244987605511,55.57900666827926
45.463296887023844,9.239527428391288,45.62670255472243
45.49234875387261,9.219655887292408,307.1184754569655
45.529996195845015,9.225380449479536,62.74423278088571
45.460251,9.240081,19.647362102234027
45.43889316033963,9.131805522101246,234.51112897593836
45.449261130522466,9.15339482313452,146.3437185626779
45.434,9.116,22.53223612561271
45.476883980561695,9.16234655344417,20.75555928660037
45.46162138363736,9.18306730608936,29.964090782798035
45.460707747612666,9.234375208200431,42.8062156111246
45.52819387866418,9.219395291608828,87.3401737699588
45.46418664960119,9.18956349619204,11.497217646099443
45.441560713724435,9.132428304473056,159.65323025634856
45.44604528964506,9.142172619803814,18.06969608218764
45.4391494551144,9.127188998760309,18.41909032297871
45.48180765426686,9.218053037880804,24.562002057145406
45.49869932616356,9.23309324845176,32.706561799030844
45.46117511338886,9.227457178865711,86.61363702592779
45.530932490080595,9.223711495140208,21.90730521789797
45.48000681690667,9.197985187285651,30.021450797921155
45.45822105788351,9.179154165740725,6.153420751927403
45.435041579067054,9.202212951176104,161.98689740044486
45.4642,9.189996784532024,5.374791679718253
45.4642,9.189962580109553,6.064010792490169
45.4642,9.189928375687083,6.753229905262044
45.4642,9.189894171264614,7.442449018033919
45.4642,9.189859966842144,8.131668130805794
45.4642,9.189825762419673,8.820887243577669
45.45633301941224,9.17057539180872,17.53260064520018
45.44878439137897,9.131978124609939,41.879324063197636
45.49817309481753,9.185354610502149,45.51831749395006
45.50085911160953,9.208323269724351,91.91805991348896
45.464135371950896,9.190317024392813,23.869555581898176
45.44108132167809,9.123653087453876,79.47304415778797
45.489117475080654,9.175567814626207,55.276595273565036
45.53562538308696,9.226704193983387,31.56570913663645
45.516410706638936,9.2443675263146,28.736573237651477
45.49719603019092,9.26203085864581,25.907437338666668
45.47635645935362,9.253917695285162,68.70952094260511
45.4499866,9.1507365,249.30159915313905
45.453501958803265,9.160665681179147,39.900922453141845
45.457676255847296,9.172456042836494,37.19464204212083
45.46185055289133,9.184246404493841,34.48836163109983
45.4465014810087,9.146467185504662,74.27895429115209
45.46421240670974,9.189302915096915,24.12412511299122
45.4639068058597,9.194411867821788,30.787856557109397
45.46096029719375,9.23101388639209,68.51055180215624
45.46172784440403,9.221202149060517,52.50654134511845
45.46249539161432,9.211390411728942,36.50253088807972
45.4632629388246,9.20157867439737,20.498520431041925
45.464030486034886,9.191766937065797,4.494509974004131
45.4642,9.1896,17.48088287951785
45.52373753787805,9.220188204997138,20.06469899004825
45.464026248397964,9.189862483979615,5.800422520940805
45.46396304027392,9.188810134246395,7.687959997380576
45.46428491863096,9.189316937896802,13.858803765409597
45.44534119627017,9.142995765548012,44.602793153336386
45.46334683616949,9.147716382041306,76.57065669604718
45.50511594158206,9.19285804218952,84.72705223517706
45.53170048750628,9.226129819162484,95.96896110503823
45.51486806285971,9.225462227074813,116.03322939723635
45.498035638213146,9.22479463498714,136.09749768943567
45.48120321356658,9.224127042899468,156.16176598163378
45.444680728329025,9.142216333171252,114.47647648389417
45.4601913236342,9.194726104098994,19.34983563880434
45.44951089094419,9.198247760283268,89.54625784304648
45.43883045825418,9.201769416467542,159.74268004728447
45.428150025564165,9.205291072651816,229.93910225152246
45.47826284184682,9.223420947282273,129.7498726121069
45.518030328314694,9.229971194211211,7.78875838015272
45.51657280795386,9.219724267872111,104.53847740095246
45.48427642354681,9.18754721812431,20.133416536729875
45.469953466075516,9.1671645478767,99.7718144920223
45.45563050860422,9.146781877629088,179.41021244731945
45.44130755113293,9.126399207381478,259.04861040261187
45.434,9.116,102.26287182933615
45.46072658381249,9.182239307389086,25.998603060409472
45.44155775625347,9.178814428580651,9.683511122587074
45.525706228005646,9.214155279574724,273.2762149601561
45.479522592886624,9.159981119880948,141.29717374861792
45.43486108534693,9.108420806976746,12.144381382556741
45.45911864047713,9.175210541169017,10.95880014104127
45.4426180166699,9.198130621735682,234.87797174711392
45.53606202812,9.22630280256,86.50758183698873
45.53606202812,9.22630280256,75.28931579668367
45.53606202812,9.22630280256,81.37165508333524
45.53606202812,9.22630280256,87.45399436998717
45.53606202812,9.22630280256,93.53633365663875
45.53606202812,9.22630280256,99.61867294329032
45.53606202812,9.22630280256,105.7010122299419
45.53606202812,9.22630280256,111.78335151659383
45.53606202812,9.22630280256,117.8656908032454
45.53606202812,9.22630280256,123.94803008989697
45.53606202812,9.22630280256,130.03036937654855
45.53606202812,9.22630280256,136.1127086632005
45.53606202812,9.22630280256,142.19504794985207
45.53606202812,9.22630280256,148.27738723650364
45.527283780189855,9.221868263071375,134.8699753923816
45.47278665166308,9.194337750104351,19.956020113072896
45.50800187044494,9.195976989043977,154.44314432376092
45.441556451841336,9.199298134324229,179.48320684897791
45.45881740898925,9.191861951740927,51.675508739952846
45.46265493678282,9.19026332556968,23.80401887903009
45.45085429181764,9.195329571052113,162.68710692737724
45.43905364685246,9.200395816534547,301.57019497572435
45.42725300188727,9.20546206201698,440.4532830240715
45.44769575711682,9.196912771888243,207.95924114940954
45.46418218916599,9.190106865004047,19.94590008582884
45.46412654077484,9.190440755350956,20.151799133089565
45.4500316908389,9.196286403177977,119.22664752317542
45.426677825593586,9.205707986363075,286.88983960060034
45.43304261831799,9.202965973831674,273.6484118125939
45.4394074110424,9.200223961300273,260.40698402458827
45.44577220376681,9.197481948768871,247.16555623658263
45.45213699649121,9.19473993623747,233.92412844857697
45.45850178921562,9.191997923706067,220.68270066057056
45.46423064553443,9.189916126793461,137.9651381937434
45.490632699036226,9.227544233012077,339.2120835754986
45.434116644091105,9.208705548030368,386.5338136559383
45.44123896502613,9.225048706282662,457.1898126577846
45.46711860476429,9.25739825595536,192.53352542119768
45.474365178501394,9.266456473126745,121.97442198596124
45.45639990869811,9.243999885872634,314.0424046864727
45.43843463889482,9.221543298618524,506.11038738699546
45.52368464123865,9.219955120679533,34.03965717656201
45.48137515958416,9.198256911465846,18.280174421511365
45.44205845907314,9.199081864890163,219.66063800955936
45.429426321610485,9.204934673112707,353.07312973215124
45.43544394441986,9.203063647533321,323.9592974734392
45.44146156722924,9.201192621953934,294.84546521472726
45.44747919003862,9.199321596374547,265.73163295601523
45.453496812848,9.19745057079516,236.61780069730327
45.459514435657375,9.195579545215773,207.50396843858954
45.46264071248214,9.193056203534995,127.15923662426444
45.46411794800418,9.1901608219118,17.59563242568538
45.45965558649781,9.178864682146953,20.011965658069627
45.45484391195744,9.167074486253334,29.013939549818417
45.45003223741707,9.155284290359717,38.01591344156668
45.445220562876706,9.143494094466101,47.01788733331494
45.440408888336336,9.131703898572484,56.019861225063195
45.435597213795965,9.119913702678865,65.02183511681199
45.448908987762614,9.152950514521288,43.58600709055287
45.46401907329016,9.189790732901576,20.237607487005043
45.496205056863616,9.205478560821392,43.222825025511725
45.525100605602276,9.219788890981325,103.61578379570798
45.49340939285544,9.200956138451255,204.3026537307545
45.461718180108605,9.182123385921185,304.989523665801
45.46369275001813,9.188088831898515,70.85432911379755
45.49137673641695,9.20348024269606,59.49539962858723
45.52771747178047,9.222040904979414,123.38067003602178
45.49325233356344,9.204676473192483,63.8291634283471
45.46406282134962,9.189822474687745,12.425511589500758
45.46377534954527,9.189450452352704,10.257635982579732
45.46348787774092,9.189078430017663,8.089760375658834
45.46320040593657,9.188706407682622,5.921884768737934
45.46291293413222,9.18833438534758,3.7540091618170344
45.46262546232787,9.18796236301254,1.5861335548961364
45.46091378024086,9.187299088497113,2.732696945392269
45.458099170465125,9.186410264357407,6.446006684608279
45.52190388111578,9.22590059399345,1.9100526333534793
45.46347725777018,9.12976798927532,2.0454858121996473
45.46416122950707,9.189470765023579,10.820704942965829
45.464041253268476,9.189070844228258,13.484177439797225
45.46392127702988,9.188670923432937,16.147649936628618
45.46188193385715,9.194336132285697,0.9408237233106193
45.462341491680206,9.193417016639588,2.4743851995049013
45.46280104950326,9.192497900993477,4.007946675699094
45.46326060732632,9.191578785347367,5.541508151893285
45.463720165149375,9.190659669701258,7.075069628087476
45.464179722972425,9.189740554055149,8.60863110428176
45.46038959484414,9.191184639296912,39.45500557248964
45.45509292817563,9.193466493083607,80.69294379397171
45.449796261507124,9.195748346870301,121.93088201545376
45.44449959483861,9.198030200656996,163.16882023693825
45.439202928170104,9.20031205444369,204.4067584584203
45.43390626150159,9.202593908230384,245.64469667990235
45.428609594833084,9.204875762017078,286.88263490138445
45.43854652002735,9.202091529101427,206.67018717351476
45.46327780318789,9.194387281205865,8.509162310170893
45.4343820320588,9.117155933911834,298.25463831151194
45.43912016834095,9.131492354851387,241.8809842283435
45.443858304623106,9.145828775790942,185.50733014517502
45.448596440905256,9.160165196730498,129.13367606200657
45.453334577187405,9.174501617670053,72.7600219788381
45.45747719427226,9.189717297967523,25.897640698161588
45.458563716823605,9.209445174898578,27.8453547939283
45.45965023937495,9.229173051829632,29.79306888969501
45.49917350349902,9.233007069578957,36.481623714836225
45.514164494272954,9.21486190467097,117.23451980016166
45.47616665285771,9.195009010428546,248.13277257249024
45.463912311891846,9.188723118918423,272.8184679625198
45.46393049314735,9.188904931473527,246.87018009816242
45.463948674402864,9.18908674402863,220.92189223380507
45.46396685565838,9.189268556583734,194.9736043694477
45.46398503691388,9.189450369138838,169.02531650509036
45.464003218169395,9.189632181693941,143.077028640733
45.46402139942491,9.189813994249045,117.12874077637258
45.464039580680414,9.189995806804147,91.18045291201523
45.464057761935926,9.19017761935925,65.23216504765787
45.46407594319144,9.190359431914354,39.28387718330052
45.464094124446945,9.190541244469458,13.335589318943164
45.47037645957267,9.205681564728565,76.91254403567177
45.474737568952904,9.221145372833787,194.0244346838613
45.459785249324575,9.202564765589637,309.5222466400149
45.452533775884255,9.178220533325721,307.9580002264612
45.44528230244394,9.153876301061809,306.3937538129077
45.43803082900363,9.129532068797896,304.82950739935416
45.434608462275584,9.119464890071802,16.293485192959412
45.42739866046691,9.278966743449342,35.518172964001614
45.534304661119585,9.226732509754244,135.73273816980165
45.528496805659,9.228152632741619,291.59908045918473
45.52932707061988,9.227949618330438,410.1087359805222
45.45811404548099,9.187108272847812,197.1040031994794
45.45580501285669,9.18594722358476,152.13680663451973
45.47298305625584,9.194584847158975,131.90662736620249
45.49016109965499,9.20322247073319,111.67644809788524
45.50733914305414,9.211860094307404,91.446268829568
45.52451718645329,9.220497717881619,71.21608956125077
45.53136231111376,9.224207017372315,54.063294457095395
45.51703086222707,9.217816071224934,43.21737679322432
45.502699413340366,9.211425125077554,32.37145912935324
45.48836796445367,9.205034178930173,21.525541465480885
45.47403651556698,9.198643232782793,10.679623801609807
45.46268833532104,9.193654598386564,4.074188495066751
45.45992801866888,9.192702765058236,9.675727632279328
45.48476751950053,9.20381198891765,42.87218179362033
45.50735308014441,9.211639998338919,63.89089774879585
45.4665909365523,9.19082114661259,17.406575572481998
45.47236881633317,9.180177767404063,14.064097181228812
45.48104663728379,9.170168428953087,13.40981703019023
45.48972445823441,9.16015909050211,12.755536879151725
45.49840227918503,9.150149752051137,12.10125672811322
45.489899269576796,9.14066144246035,12.833648817454225
45.46922881640057,9.131542124882607,14.548080522070004
45.44855836322436,9.122422807304863,16.262512226685782
45.44383218844692,9.139850358113824,17.596552920603962
45.45067521558325,9.203246979792684,193.90076834072164
45.440586970977236,9.123118821490756,304.5605379894217
45.48642104860579,9.17265367111414,308.8088405398697
45.53225512623434,9.22218852073752,313.05714309031725
45.43954390517612,9.182526862113471,227.12879532812948
45.43618939817946,9.142272778153497,115.52854068284645
45.49234755616819,9.219655705172904,311.21923528179354
45.44860725256502,9.205333489564444,221.19912560396313
45.45571201575671,9.198165006523503,125.36765832018418
45.4628167789484,9.19099652348256,29.536191036405228
45.46123758637029,9.182071372878413,39.49010799527046
45.4573671673479,9.172682732675595,77.35506874793587
45.45349674832551,9.163294092472778,115.22002950060127
45.44962632930313,9.153905452269962,153.08499025326665
45.44575591028074,9.144516812067145,190.94995100593206
45.441885491258354,9.135128171864329,228.81491175859747
45.43801507223597,9.125739531661512,266.67987251126283
45.43414465321358,9.116350891458696,304.54483326392824
45.46391061415074,9.18870614150736,13.770143539881499
45.461973362406994,9.190526637593006,6.777129407113801
45.45942209376875,9.193195200376586,27.153061430702593
45.45625017099072,9.196618863057639,79.3773434449062
45.453078248212684,9.20004252573869,131.6016254591098
45.449906325434654,9.203466188419743,183.82590747331344
45.44673440265662,9.206889851100794,236.05018948751706
45.44356247987859,9.210313513781847,288.2744715017207
45.458072330986006,9.174985181886242,75.30578588428646
45.44438228152729,9.14144002758343,208.62964172212273
45.439197568662856,9.169708209516195,309.70534954224763
45.45957252186271,9.186680700073,77.4585156884657
45.46609636564297,9.194114279699363,39.882543326712195
45.46888664896607,9.201119671872261,76.37192928040804
45.47167693228918,9.208125064045161,112.86131523410388
45.47446721561228,9.215130456218061,149.35070118779973
45.47725749893539,9.222135848390959,185.8400871414956
45.5258959,9.2287886,512.8736830966054
45.518876939108516,9.22738401971869,501.4356006126324
45.51185246220313,9.225978335615249,484.00751571389424
45.504827985297744,9.22457265151181,466.57943081515606
45.49780350839236,9.223166967408371,449.1513459164179
45.49077903148697,9.22176128330493,431.72326101767965
45.48375455458159,9.220355599201492,414.29517611894147
45.4767300776762,9.218949915098051,396.8670912202033
45.469705600770816,9.217544230994612,379.439006321463
45.46268112386543,9.216138546891171,362.01092142272483
45.455656646960044,9.214732862787733,344.58283652398666
45.44863217005466,9.213327178684294,327.1547516252484
45.4421852654041,9.211813073022768,308.2613091156932
45.44550254765411,9.208466039362449,264.59516419793476
45.44881982990411,9.205119005702132,220.92901928017636
45.45213711215411,9.201771972041815,177.26287436241796
45.455454394404114,9.198424938381498,133.59672944465956
45.45877167665412,9.195077904721181,89.93058452689601
45.462088958904125,9.191730871060862,46.26443960913758
45.464236227354625,9.189356511547912,14.44009667485652
45.46404499250159,9.188926233128583,6.2839301929201525
45.463916498936086,9.188654996453609,1.5101090705512956
45.46398473014662,9.18888243382207,7.341603197881171
45.46405296135716,9.189109871190531,13.173097325211048
45.464121192567696,9.189337308558992,19.004591452540925
45.46418942377824,9.189564745927452,24.83608557987149
45.46415116803403,9.190088319659745,25.87672950472863
45.4641,9.1906,26.19319432376414
45.4641,9.1906,27.704725749937786
45.4641,9.1906,29.216257176111434
45.4641,9.1906,30.72778860228508
45.46286693078041,9.187543954691629,43.07250319111374
45.45941105527473,9.178978894468266,74.94577890971414
45.455955179769056,9.170413834244902,106.81905462831831
45.452499304263384,9.161848774021541,138.6923303469187
45.44904342875771,9.153283713798178,170.5656060655191
45.44558755325204,9.144718653574817,202.4388817841195
45.44213167774636,9.136153593351453,234.3121575027199
45.43867580224069,9.127588533128092,266.1854332213203
45.435219926735016,9.119023472904729,298.05870893992073
45.5425588836704,9.231231525169287,3.2611084844305265
45.53584433380234,9.227650993558338,5.083388454897182
45.52912978393428,9.224070461947388,6.905668425364054
45.522415234066216,9.22048993033644,8.72794839583071
45.51570068419815,9.216909398725491,10.550228366297365
45.508986134330094,9.21332886711454,12.372508336764021
45.50227158446203,9.209748335503592,14.194788307230677
45.495557034593965,9.206167803892644,16.017068277697334
45.48884248472591,9.202587272281693,17.83934824816399
45.48212793485784,9.199006740670745,19.661628218630646
45.47541338498978,9.195426209059795,21.48390818909752
45.46869883512172,9.191845677448846,23.306188159564176
45.46270883836156,9.191105432146417,45.197944756985464
45.45809517245716,9.195760476220348,105.21284186661242
45.45348150655278,9.200415520294282,165.2277389762394
45.44886784064839,9.205070564368215,225.24263608586637
45.444254174744,9.209725608442149,285.25753319549335
45.44010809367313,9.189297124077594,313.62222242202347
45.43640872668201,9.14490472018416,311.7494178827692
45.44199456537147,9.211934784457672,314.91701774759565
45.466804078561616,9.190173495749987,14.710446111371834
45.520351863204304,9.219186902160635,237.09085262063223
45.4642,9.189828716293354,13.482666535352557
45.4642,9.18990411354724,11.15289139031508
45.4642,9.189979510801123,8.823116245277602
45.4642,9.189964039372116,10.124681780159557
45.4642,9.189914659866869,12.781299162481083
45.4642,9.189865280361621,15.43791654480292
45.4642,9.189815900856374,18.094533927124445
45.464195051382006,9.18983958894391,18.882203933553747
45.46418775239247,9.189897980860229,18.782207776856875
45.46418045340293,9.18995637277655,18.682211620160004
45.46417315441339,9.190014764692869,18.582215463463132
45.46416585542385,9.190073156609188,18.48221930676626
45.46415855643431,9.190131548525507,18.382223150069386
45.46415125744477,9.190189940441826,18.282226993372504
45.46414395845523,9.190248332358145,18.182230836675632
45.464136659465694,9.190306724274464,18.082234679978757
45.46412936047615,9.190365116190785,17.982238523281886
45.46412206148661,9.190423508107104,17.882242366585015
45.464114762497076,9.190481900023423,17.782246209888143
45.46410746350753,9.190540291939742,17.682250053191268
45.464100164517994,9.190598683856061,17.582253896494397
45.464745252403326,9.190582321851963,17.50840350045288
45.46540538406284,9.190564236053072,17.43515601494528
45.466065515722356,9.190546150254182,17.361908529437684
45.466725647381864,9.190528064455291,17.28866104393009
45.46738577904138,9.1905099786564,17.215413558422494
45.468045910700894,9.19049189285751,17.142166072914897
45.4687060423604,9.190473807058618,17.0689185874073
45.46936617401992,9.190455721259728,16.995671101899703
45.47002630567943,9.190437635460837,16.922423616392106
45.47068643733894,9.190419549661947,16.8491761308845
45.471346568998456,9.190401463863056,16.775928645376904
45.47200670065797,9.190383378064165,16.702681159869307
45.47266683231748,9.190365292265275,16.62943367436171
45.473326963976994,9.190347206466383,16.556186188854113
45.47398709563651,9.190329120667492,16.48293870334652
45.47464722729602,9.190311034868602,16.409691217838922
45.47530735895553,9.190292949069711,16.336443732331325
45.47596749061505,9.19027486327082,16.263196246823718
45.476627622274556,9.19025677747193,16.189948761316124
45.47728775393407,9.19023869167304,16.116701275808527
45.477947885593586,9.190220605874147,16.04345379030093
45.478608017253094,9.190202520075257,15.970206304793333
45.47926814891261,9.190184434276366,15.896958819285736
45.479928280572125,9.190166348477476,15.823711333778139
45.48058841223163,9.190148262678585,15.750463848270543
45.48124854389115,9.190130176879695,15.677216362762938
45.48190867555066,9.190112091080803,15.60396887725534
45.48256880721017,9.190094005281912,15.530721391747743
45.483228938869686,9.190075919483021,15.457473906240148
45.483889070529194,9.190057833684131,15.384226420732551
45.48454920218871,9.19003974788524,15.310978935224954
45.485209333848225,9.19002166208635,15.237731449717359
45.48586946550773,9.19000357628746,15.164483964209762
45.533801939550834,9.225148485228686,56.83519997400219
45.49650971331996,9.20610185862793,54.115943774838456
45.463438499681516,9.198738003821818,44.52756007039036
45.46165367644827,9.22057891613079,23.841848333633255
45.46426476357091,9.18953523642909,33.78919743596799
45.4642,9.189631371079775,20.754719553984437
45.4642,9.189726770965644,32.59861538456969
45.4642,9.189822170851512,44.44251121515495
45.4642,9.18991757073738,56.286407045740205
45.46183833693043,9.190989178249035,74.8637185306158
45.444468131738496,9.198264656863458,136.23238064326944
45.42709792654656,9.20554013547788,197.60104275592306
45.44447449474139,9.209407933013201,173.58244915102472
45.46419550440874,9.21304580678674,143.80258898762494
45.48391651407609,9.216683680560276,114.02272882422515
45.50363752374344,9.220321554333815,84.2428686608254
45.52335853341079,9.223959428107351,54.46300849742562
45.53528890110177,9.226491845737502,56.82629021186352
45.53311621668407,9.227023105357656,117.37686974006402
45.53094353226636,9.227554364977808,177.92744926826452
45.52877084784866,9.228085624597961,238.47802879646503
45.526598163430954,9.228616884218114,299.02860832466547
45.47107508628945,9.196519177855482,54.71162289330334
45.45807009218933,9.19235877621304,3.8992306148153117
45.45583452770254,9.195091132808002,6.794286625206517
45.453598963215754,9.197823489402966,9.689342635597724
45.451363398728965,9.20055584599793,12.584398645989271
45.44912783424218,9.203288202592894,15.479454656380476
45.44689226975539,9.206020559187857,18.37451066677168
45.4446567052686,9.208752915782823,21.269566677162885
45.44242114078181,9.211485272377786,24.16462268755409
45.524774357819055,9.228981530493064,1.7999357742771198
45.50031058861562,9.233189849301576,22.084267957633276
45.475846819412176,9.237398168110088,42.36860014098943
45.46175724341386,9.239807249337813,55.429740616060855
45.46591247569507,9.239052060914712,55.78765248547074
45.470067707976284,9.238296872491611,56.14556435488061
45.47422294025749,9.23754168406851,56.503476224290495
45.478378172538704,9.23678649564541,56.86138809370037
45.48253340481992,9.23603130722231,57.21929996311025
45.48668863710113,9.23527611879921,57.577211832520135
45.49084386938234,9.234520930376108,57.93512370193001
45.49499910166355,9.233765741953007,58.293035571339935
45.499154333944766,9.233010553529907,58.65094744074981
45.50330956622598,9.232255365106806,59.00885931015969
45.50746479850719,9.231500176683705,59.366771179569575
45.5116200307884,9.230744988260604,59.72468304897945
45.515775263069614,9.229989799837503,60.08259491838933
45.51993049535083,9.229234611414402,60.44050678779921
45.52408572763204,9.2284794229913,60.79841865720909
45.52824095991325,9.2277242345682,61.15633052661897
45.53239619219446,9.226969046145099,61.51424239602889
45.529409392190956,9.223002204268326,59.366301405882844
45.472925016598495,9.194978390012567,38.44820544798495
45.467081711270176,9.204825594551568,37.58202662100254
45.47061554183039,9.2216853224757,40.428833139339645
45.4741493723906,9.238545050399834,43.27563965767675
45.47768320295081,9.255404778323966,46.12244617601385
45.481217033511015,9.272264506248098,48.969252694350956
45.482,9.276,50.66474664350456
45.47537109692224,9.243604513207565,47.38350502083308
45.46614302467928,9.19850687202023,42.27939048645144
45.4743011832266,9.194629057543349,42.64947852201757
45.48679827827363,9.201038131166802,44.38571760113839
45.49929537332066,9.207447204790256,46.1219566802592
45.511792468367695,9.21385627841371,47.858195759380024
45.524289563414726,9.220265352037165,49.594434838500845
45.53606202812,9.22630280256,51.43072200942959
45.53207304213691,9.221991734659312,53.40218706188636
45.50402995750177,9.191684372708341,46.387433740569946
45.475986872866635,9.161377010757372,39.37268041925354
45.4479437882315,9.1310696488064,32.35792709793713
45.44126156860732,9.133793247580842,22.11097041219604
45.45570461436003,9.169183492140476,8.667459945016208
45.46420988871079,9.189950556446052,3.9491092297002792
45.46423390203698,9.189830489815087,11.693406926914893
45.46425791536318,9.189710423184122,19.437704624130422
45.46428192868937,9.189590356553158,27.182002321345035
45.46428593176961,9.189570341151963,28.492691220950373
45.46422907816465,9.189854609176745,10.236998669480244
45.4642,9.19,5.139226576576474
45.4642,9.189982958026432,15.596423943386718
45.4642,9.189773649718108,46.13450612799042
45.52441862963884,9.229927473344938,33.62972001818237
45.480392201259804,9.268231983614795,142.84485890942574
45.47491438666974,9.24176613784256,455.8650336446394
45.46943657207967,9.215300292070326,768.8852083798532
45.46419753612655,9.190014783240686,1043.0776830500672
45.464141589759976,9.190350461440163,474.45000241092555
45.4641,9.1906,50.040140720949935
45.4641,9.1906,43.415946510928215
45.4641,9.1906,36.79175230090649
45.46411734351966,9.190504610641892,34.638630213452565
45.464177104411235,9.190175925738238,43.420493230162336
45.4642368653028,9.189847240834585,52.2023562468721
45.464296626194376,9.189518555930931,60.98421926358186
45.4873492423446,9.201320690376077,67.29996192451107
45.51177758882513,9.213848647513618,73.46814933258058
45.53606202812,9.22630280256,79.58209546334744
45.53606202812,9.22630280256,76.54278771169547
45.53606202812,9.22630280256,73.50347996004349
45.512223971184284,9.248216235394791,58.469361558542815
45.530350251529185,9.223361488040617,53.32829735059846
45.52026355318996,9.218167280633157,45.37852622152466
45.51017685485074,9.212973073225696,37.42875509245086
45.50009015651152,9.207778865818234,29.478983963377058
45.490003458172296,9.202584658410773,21.52921283430326
45.479916759833074,9.197390451003312,13.579441705229456
45.46983006149385,9.19219624359585,5.629670576155661
45.463738540546736,9.189490199016353,5.628440009049754
45.4623057592949,9.189685578277969,14.89592965163338
45.46087297804306,9.189880957539582,24.16341929421701
45.46,9.19,26.200610342046744
45.46,9.19,16.96260357220901
45.46,9.19,7.724596802371273
45.452489758835746,9.197568048595945,134.5193914593334
45.437963811412544,9.200369971099981,345.85592992806926
45.46192287323945,9.189776410088436,38.426195086802124
45.47731137112018,9.190238044626843,35.66541249940629
45.50297862702509,9.210512792647732,37.69620115876715
45.46,9.19,19.33042662662665
45.46,9.19,21.434010010010006
45.453251928659675,9.198247642749285,50.0569639180177
45.44436660727559,9.2091074799965,87.07913635170677
45.454475692345724,9.19941241803683,43.126688487229046
45.478455597040366,9.198529068328902,174.40891079688114
45.511978341458395,9.219911363194987,585.6613126528346
45.5071078311256,9.217729294514507,670.1662368817795
45.474982268279376,9.19881907996372,522.7158418975478
45.47057366583084,9.19,559.739526637545
45.485288902959475,9.189983615275564,285.38810476063856
45.48839978288923,9.201859454918528,66.31724395874818
45.51780679068755,9.222935315265717,147.7095970650165
45.44702867500042,9.209879094760694,160.037340800967
45.43483823120627,9.21704778900784,145.1286666778202
45.44741230926931,9.232765386586632,118.70738514787038
45.45998638733234,9.248482984165424,92.28610361792057
45.472560465395375,9.264200581744218,65.86482208797077
45.47531802497714,9.264964556492435,51.03787129856933
45.484091448622536,9.231033854615488,55.5198103652582
45.488346038236955,9.201932344315937,41.20833032526877
45.4642,9.1896,33.73097532246335
45.4642,9.1896,24.40821626264152
45.464199349017946,9.189606509820496,16.133046995151524
45.464191411007384,9.189685889926132,19.584493988229855
45.46418347299682,9.189765270031769,23.035940981308187
45.46417553498626,9.189844650137406,26.487387974386518
45.46416759697569,9.189924030243041,29.93883496746485
45.46415965896513,9.190003410348679,33.390281960543184
45.46415172095457,9.190082790454316,36.84172895362151
45.46414378294401,9.190162170559951,40.29317594670025
45.464135844933445,9.190241550665588,43.74462293977859
45.464127906922876,9.190320930771225,47.196069932856915
45.464119968912314,9.19040031087686,50.64751692593525
45.46411203090175,9.190479690982498,54.098963919013585
45.46410409289119,9.190559071088135,57.55041091209191
45.464125097374286,9.190461964441432,62.6390887994749
45.46417690934751,9.190176998588724,69.47049746851116
45.46422872132073,9.189892032736015,76.30190613754742
45.464280533293945,9.189607066883307,83.1333148065845
45.46803664063382,9.207760983888432,93.76016606774971
45.47402214458615,9.237012175519892,106.67127007340453
45.48000764853848,9.266263367151351,119.58237407905936
45.46303540679741,9.188901529965852,77.37320067204793
45.45704283039517,9.186065537018289,62.4139543938593
45.451050253992925,9.183229544070727,47.45470811567068
45.44505767759068,9.180393551123164,32.49546183748205
45.476720226324446,9.196464005776482,28.79566294358026
45.4641,9.1906,161.0026470574718
45.46989300454063,9.21823813339497,118.68423992603607
45.47671861135689,9.250802760328396,79.60668760592476
45.482,9.276,51.76049592268141
45.482,9.276,62.32673944179068
45.472156087069344,9.227892741892568,105.91711824822576
45.49881318749127,9.264068060490061,110.34814726259481
45.5381779539698,9.227821433202303,87.33985517470165
45.482,9.276,60.03362649652567
45.46175163118857,9.18858315192017,62.13220506068959
45.464228226838735,9.189220815773952,156.18955117267132
45.4691131217054,9.245930617312592,112.78294887161884
45.52084035951139,9.218648901556401,120.23999832893884
45.46417720567053,9.18953006926965,2851.477000724649
45.47604729155871,9.24711955190295,1000.207478149958
45.482,9.276,75.28484133270717
45.50992017973986,9.250334024576137,72.63375357762285
45.47764679867782,9.254725880544147,124.98878773171458
45.482,9.276,107.27875136758611
45.482,9.276,83.02126219711434
45.46210260014572,9.209085520440341,24.749799268450868
45.46278770296479,9.202979169226907,66.28192364353573
45.46347280578386,9.196872818013471,107.8140480186206
45.46415790860292,9.190766466800037,149.34617239370547
45.46412632323991,9.190455222180514,197.7840810894254
45.4641,9.1906,140.54789092285284
45.48167330785225,9.274441368188944,37.45035045104686
45.47265305488461,9.23946194182166,45.866982662050425
45.46317421940272,9.20240831221062,56.00502806609432
45.46149147665432,9.189857954604351,107.2835028734305
45.46373387518483,9.18964439283954,179.27517379104762
45.463805059731,9.188100771450792,120.30820880729095
45.462969677798725,9.185739092027324,134.3142902318716
45.46213429586645,9.183377412603855,148.3203716564506
45.47144413667563,9.227213923317255,112.25202405422117
45.526659637918996,9.246799467514503,54.05605963015453
45.46071894969591,9.231337532932221,108.76856052985852
45.46604961043468,9.2071385132091,142.8317365557164
45.47975967186698,9.273199589833727,205.54894792352718
45.482,9.276,135.87591951002364
45.46414990506642,9.190325522134705,181.91807334218944
45.464281376288895,9.189602430411078,205.35939230995865
45.46655157720699,9.256689471508743,153.6707564300355
45.54229547338457,9.229784152960782,122.14372890722836
45.47288719909126,9.245927757001159,106.92504440560681
45.51542764253136,9.245271220325899,88.00651286037177
45.48097648913894,9.262694358806213,115.95214410149363
45.4726844919619,9.230475059587826,132.55305964612944
45.49694601609596,9.206896022474536,33.13776515032673
45.46353426319069,9.188610743145988,67.61389983597327
45.462846603209236,9.186192777214135,146.22581270585232
45.46215894322779,9.183774811282282,224.83772557573138
45.46175125435881,9.182341286251598,272.91392699886956
45.4619711982061,9.183114657894603,252.53588201618186
45.4621911420534,9.18388802953761,232.1578370334941
45.46241108590069,9.184661401180614,211.77979205080638
45.46263102974799,9.185434772823621,191.40174706811865
45.46285097359528,9.186208144466626,171.0237020854285
45.46307091744258,9.186981516109633,150.64565710274078
45.46329086128987,9.18775488775264,130.26761212005306
45.46351080513717,9.188528259395644,109.88956713736533
45.46373074898447,9.189301631038651,89.5115221546776
45.46395069283176,9.190075002681656,69.13347717198988
45.465398638430095,9.196795738655322,57.6506081081079
45.46944225339601,9.216087622347432,64.969777096684
45.47348586836192,9.235379506039543,72.28894608526011
45.47752948332783,9.254671389731657,79.60811507383707
45.48157309829374,9.273963273423767,86.92728406241318
45.46429256218553,9.189540907979623,76.46475248032253
45.46422002566123,9.189939858863243,76.3160526055187
45.464147489136934,9.190338809746862,76.16735273071487
45.4813825629972,9.273054239103963,65.25632929784089
45.475465557904144,9.24406614455979,100.21136394556382
45.46884949710657,9.211733418063156,135.99416056432477
45.489663322436414,9.210844496847212,127.94119954582916
45.47812748393665,9.262267316795992,90.09390801600851
45.43663236573699,9.115117685024948,148.6412465544689
45.48995475250531,9.270354691770422,137.89819769207304
45.4658673537442,9.199031955852227,114.55092094998037
45.4641278671236,9.19040493013479,929.9226060469766
45.46415880187008,9.190188386909472,1836.6169317196823
45.46418973661655,9.189971843684155,2743.3112573923877
45.478181979730074,9.257341313370146,158.19869828229676
45.45670529109549,9.159957997248604,123.45781855575555
45.46414766665613,9.190337833391286,4048.938995243509
45.508290107858336,9.222846498691025,94.19741392737419
45.4642,9.1899,0.11999999999999744
